{"pr_closure_ratio": [[1, 0.06896551724137931]], "maintenance_type": [[1, "feature"]], "hero_project": [[1, 1]], "nod": [[1, 19]], "active_days_coverage": [[1, 0.09231651376146789]], "commits_per_week_last_90_days": [[1, 0]], "avg_commits_in_pr": [[1, 16.248746238716148]], "issue_closed_per_day": [[1, 0.01507338357794526]], "avg_time_to_close_issues": [[1, 60479.34583333333]], "time_to_first_response_issues": [[1, 51, 1647.816388888889], [1, 52, 0.6211111111111111], [1, 60, 3071.9219444444443], [1, 59, 73.04333333333334], [1, 65, 7919.771388888889], [1, 42, 552.7502777777778], [1, 40, 82.03027777777778], [1, 61, 3072.1052777777777], [1, 30, 218.44861111111112], [1, 17, 0.06916666666666667], [1, 37, 5.141388888888889], [1, 28, 2503.446111111111], [1, 5, 1003.9408333333333], [1, 56, 162.2488888888889], [1, 54, 1.3363888888888888], [1, 34, 2010.6036111111111], [1, 63, 20.566666666666666], [1, 10, 333.00416666666666], [1, 35, 111.32583333333334], [1, 45, 5.2380555555555555], [1, 39, 9453.345833333333], [1, 36, 312.145], [1, 31, 2.935], [1, 50, 2.62], [1, 66, 2.7183333333333333], [1, 13, 170.40833333333333], [1, 16, 109.74972222222222], [1, 62, 30.478055555555557], [1, 41, 1295.0922222222223], [1, 46, 1.9436111111111112], [1, 32, 5830.680833333333], [1, 38, 0.10444444444444445], [1, 49, 20.363611111111112], [1, 47, 1.9841666666666666], [1, 33, 104.97472222222223], [1, 64, 17.316388888888888], [1, 55, 314.85305555555556], [1, 58, 140.045], [1, 20, 44697.17808133417], [1, 25, 46620.6839146675], [1, 26, 46810.725025778615], [1, 27, 47416.931136889725], [1, 11, 30642.661970223056], [1, 57, 65810.00419244528], [1, 12, 31162.827248000835], [1, 18, 41864.94363688972], [1, 2, 12769.969470223055], [1, 15, 40019.81502577861], [1, 21, 46001.21447022306], [1, 19, 43780.841692445276], [1, 24, 46257.115025778614], [1, 8, 28822.762248000832], [1, 48, 61416.58474800083], [1, 6, 23192.625581334167], [1, 29, 48285.1039146675], [1, 4, 23066.80752577861], [1, 53, 64245.76585911195], [1, 23, 46096.330581334165], [1, 44, 58422.95280355639], [1, 1, 2596.1291924452776], [1, 22, 46001.53697022305], [1, 43, 58218.36002577861], [1, 3, 13966.3589146675], [1, 14, 37626.65863688972], [1, 9, 28957.947248000833], [1, 7, 24276.533081334168]], "issue_commented": [[1, 1, 1], [1, 2, 0], [1, 3, 0], [1, 4, 1], [1, 5, 1], [1, 6, 1], [1, 7, 1], [1, 8, 0], [1, 9, 3], [1, 10, 0], [1, 11, 0], [1, 12, 1], [1, 13, 1], [1, 14, 0], [1, 15, 1], [1, 16, 2], [1, 17, 1], [1, 18, 0], [1, 19, 0], [1, 20, 0], [1, 21, 3], [1, 22, 0], [1, 23, 2], [1, 24, 2], [1, 25, 1], [1, 26, 0], [1, 27, 0], [1, 28, 1], [1, 29, 0], [1, 30, 1], [1, 31, 1], [1, 32, 1], [1, 33, 2], [1, 34, 3], [1, 35, 3], [1, 36, 2], [1, 37, 1], [1, 38, 1], [1, 39, 2], [1, 40, 1], [1, 41, 1], [1, 42, 2], [1, 43, 0], [1, 44, 2], [1, 45, 1], [1, 46, 0], [1, 47, 1], [1, 48, 0], [1, 49, 1], [1, 50, 2], [1, 51, 4], [1, 52, 2], [1, 53, 5], [1, 54, 3], [1, 55, 8], [1, 56, 2], [1, 57, 1], [1, 58, 2], [1, 59, 3], [1, 60, 1], [1, 61, 2], [1, 62, 2], [1, 63, 4], [1, 64, 3], [1, 65, 4], [1, 66, 1]], "defect_resolution_time": [[1, 51, 1647.816388888889], [1, 52, 0.6211111111111111], [1, 60, 3071.9219444444443], [1, 59, 73.04333333333334], [1, 65, 7919.771388888889], [1, 42, 552.7502777777778], [1, 40, 82.03027777777778], [1, 61, 3072.1052777777777], [1, 30, 218.44861111111112], [1, 17, 0.06916666666666667], [1, 37, 5.141388888888889], [1, 28, 2503.446111111111], [1, 5, 1003.9408333333333], [1, 56, 162.2488888888889], [1, 54, 1.3363888888888888], [1, 34, 2010.6036111111111], [1, 63, 20.566666666666666], [1, 10, 333.00416666666666], [1, 35, 111.32583333333334], [1, 45, 5.2380555555555555], [1, 39, 9453.345833333333], [1, 36, 312.145], [1, 31, 2.935], [1, 50, 2.62], [1, 66, 2.7183333333333333], [1, 13, 170.40833333333333], [1, 16, 109.74972222222222], [1, 62, 30.478055555555557], [1, 41, 1295.0922222222223], [1, 46, 1.9436111111111112], [1, 32, 5830.680833333333], [1, 38, 0.10444444444444445], [1, 49, 20.363611111111112], [1, 47, 1.9841666666666666], [1, 33, 104.97472222222223], [1, 64, 17.316388888888888], [1, 55, 314.85305555555556], [1, 58, 140.045], [1, 20, 44697.17808133417], [1, 25, 46620.6839146675], [1, 26, 46810.725025778615], [1, 27, 47416.931136889725], [1, 11, 30642.661970223056], [1, 57, 65810.00419244528], [1, 12, 31162.827248000835], [1, 18, 41864.94363688972], [1, 2, 12769.969470223055], [1, 15, 40019.81502577861], [1, 21, 46001.21447022306], [1, 19, 43780.841692445276], [1, 24, 46257.115025778614], [1, 8, 28822.762248000832], [1, 48, 61416.58474800083], [1, 6, 23192.625581334167], [1, 29, 48285.1039146675], [1, 4, 23066.80752577861], [1, 53, 64245.76585911195], [1, 23, 46096.330581334165], [1, 44, 58422.95280355639], [1, 1, 2596.1291924452776], [1, 22, 46001.53697022305], [1, 43, 58218.36002577861], [1, 3, 13966.3589146675], [1, 14, 37626.65863688972], [1, 9, 28957.947248000833], [1, 7, 24276.533081334168]], "decision_time": [[1, 3, 25.887777777777778], [1, 4, 25.86], [1, 6, 719.5386111111111], [1, 11, 8.509444444444444], [1, 12, 351.3388888888889], [1, 13, 0.017777777777777778], [1, 14, 813.6463888888889], [1, 18, 2350.387777777778], [1, 19, 241.43194444444444], [1, 22, 1759.0613888888888], [1, 23, 507.5186111111111], [1, 25, 117.26611111111112], [1, 26, 10953.733333333334], [1, 28, 4899.9413888888885], [1, 30, 1516.165], [1, 31, 359.31], [1, 32, 1.7838888888888889], [1, 33, 23.810555555555556], [1, 34, 158.88972222222222], [1, 35, 3.5408333333333335], [1, 36, 0.9866666666666667], [1, 37, 10.291666666666666], [1, 39, 20.76222222222222], [1, 20, 45234.24863688972], [1, 27, 58142.21974800083], [1, 17, 41728.87863688972], [1, 10, 39180.7464146675], [1, 2, 22839.160859111944], [1, 15, 41728.817248000836], [1, 21, 46620.6689146675], [1, 5, 31553.61863688972], [1, 24, 49144.730581334166], [1, 38, 69906.8853035564], [1, 8, 35357.576970223054], [1, 29, 58493.774470223056], [1, 16, 41728.84530355639], [1, 1, 22839.055581334167], [1, 9, 35357.81863688972], [1, 7, 32945.845581334164]], "num_commits": [[1, 17, 40], [1, 18, 38], [1, 27, 36], [1, 25, 27], [1, 14, 12], [1, 24, 11], [1, 15, 10], [1, 28, 10], [1, 16, 9], [1, 13, 9], [1, 29, 8], [1, 34, 5], [1, 7, 3], [1, 32, 3], [1, 38, 2], [1, 3, 2], [1, 19, 2], [1, 26, 2], [1, 23, 2], [1, 11, 2], [1, 35, 2], [1, 8, 1], [1, 4, 1], [1, 10, 1], [1, 6, 1], [1, 12, 1], [1, 39, 1], [1, 36, 1], [1, 31, 1], [1, 30, 1], [1, 21, 1], [1, 37, 1], [1, 22, 1], [1, 20, 1], [1, 33, 1], [1, 1, 1], [1, 5, 1], [1, 2, 1], [1, 9, 0]], "commits_in_pr": [[1, 17, 40], [1, 18, 38], [1, 27, 36], [1, 25, 27], [1, 14, 12], [1, 24, 11], [1, 28, 10], [1, 15, 10], [1, 16, 9], [1, 13, 9], [1, 29, 8], [1, 34, 5], [1, 32, 3], [1, 7, 3], [1, 3, 2], [1, 26, 2], [1, 35, 2], [1, 38, 2], [1, 19, 2], [1, 11, 2], [1, 23, 2], [1, 39, 1], [1, 2, 1], [1, 4, 1], [1, 5, 1], [1, 6, 1], [1, 8, 1], [1, 10, 1], [1, 12, 1], [1, 20, 1], [1, 21, 1], [1, 22, 1], [1, 30, 1], [1, 31, 1], [1, 33, 1], [1, 36, 1], [1, 37, 1], [1, 1, 1]],